COD_DANE,COD_DEPARTAMENTO,DEPARTAMENTO,COD_MUNICIPIO,MUNICIPIO,FECHA1erFIS
91001,91,AMAZONAS,001,LETICIA,03/31/2020
91405,91,AMAZONAS,405,LA CHORRERA,06/15/2020
91407,91,AMAZONAS,407,LA PEDRERA,07/17/2020
91540,91,AMAZONAS,540,PUERTO NARIÑO,04/15/2020
91669,91,AMAZONAS,669,PUERTO SANTANDER,06/24/2020
91798,91,AMAZONAS,798,TARAPACÁ,06/21/2020
05001,05,ANTIOQUIA,001,MEDELLÍN,02/29/2020
05002,05,ANTIOQUIA,002,ABEJORRAL,07/05/2020
05004,05,ANTIOQUIA,004,ABRIAQUÍ,07/06/2020
05021,05,ANTIOQUIA,021,ALEJANDRÍA,07/26/2020
05030,05,ANTIOQUIA,030,AMAGÁ,04/09/2020
05031,05,ANTIOQUIA,031,AMALFI,07/04/2020
05034,05,ANTIOQUIA,034,ANDES,04/04/2020
05036,05,ANTIOQUIA,036,ANGELÓPOLIS,07/27/2020
05038,05,ANTIOQUIA,038,ANGOSTURA,03/18/2020
05040,05,ANTIOQUIA,040,ANORÍ,07/06/2020
05042,05,ANTIOQUIA,042,SANTA FÉ DE ANTIOQUIA,06/05/2020
05044,05,ANTIOQUIA,044,ANZÁ,06/10/2020
05045,05,ANTIOQUIA,045,APARTADÓ,03/14/2020
05051,05,ANTIOQUIA,051,ARBOLETES,05/10/2020
05055,05,ANTIOQUIA,055,ARGELIA,07/16/2020
05059,05,ANTIOQUIA,059,ARMENIA,07/01/2020
05079,05,ANTIOQUIA,079,BARBOSA,04/15/2020
05086,05,ANTIOQUIA,086,BELMIRA,07/09/2020
05088,05,ANTIOQUIA,088,BELLO,03/09/2020
05091,05,ANTIOQUIA,091,BETANIA,07/28/2020
05093,05,ANTIOQUIA,093,BETULIA,06/23/2020
05101,05,ANTIOQUIA,101,CIUDAD BOLÍVAR,06/20/2020
05107,05,ANTIOQUIA,107,BRICEÑO,05/19/2020
05113,05,ANTIOQUIA,113,BURITICÁ,04/01/2020
05120,05,ANTIOQUIA,120,CÁCERES,03/10/2020
05125,05,ANTIOQUIA,125,CAICEDO,06/24/2020
05129,05,ANTIOQUIA,129,CALDAS,03/20/2020
05134,05,ANTIOQUIA,134,CAMPAMENTO,07/02/2020
05138,05,ANTIOQUIA,138,CAÑASGORDAS,05/29/2020
05142,05,ANTIOQUIA,142,CARACOLÍ,06/18/2020
05145,05,ANTIOQUIA,145,CARAMANTA,07/24/2020
05147,05,ANTIOQUIA,147,CAREPA,03/10/2020
05148,05,ANTIOQUIA,148,EL CARMEN DE VIBORAL,04/24/2020
05150,05,ANTIOQUIA,150,CAROLINA,07/14/2020
05154,05,ANTIOQUIA,154,CAUCASIA,05/09/2020
05172,05,ANTIOQUIA,172,CHIGORODÓ,05/27/2020
05190,05,ANTIOQUIA,190,CISNEROS,05/07/2020
05197,05,ANTIOQUIA,197,COCORNÁ,03/30/2020
05206,05,ANTIOQUIA,206,CONCEPCIÓN,07/01/2020
05209,05,ANTIOQUIA,209,CONCORDIA,07/06/2020
05212,05,ANTIOQUIA,212,COPACABANA,03/29/2020
05234,05,ANTIOQUIA,234,DABEIBA,06/02/2020
05237,05,ANTIOQUIA,237,DONMATÍAS,03/26/2020
05240,05,ANTIOQUIA,240,EBÉJICO,06/20/2020
05250,05,ANTIOQUIA,250,EL BAGRE,05/08/2020
05264,05,ANTIOQUIA,264,ENTRERRÍOS,07/01/2020
05266,05,ANTIOQUIA,266,ENVIGADO,03/11/2020
05282,05,ANTIOQUIA,282,FREDONIA,07/07/2020
05284,05,ANTIOQUIA,284,FRONTINO,03/15/2020
05306,05,ANTIOQUIA,306,GIRALDO,05/28/2020
05308,05,ANTIOQUIA,308,GIRARDOTA,05/29/2020
05310,05,ANTIOQUIA,310,GÓMEZ PLATA,07/06/2020
05313,05,ANTIOQUIA,313,GRANADA,04/06/2020
05315,05,ANTIOQUIA,315,GUADALUPE,07/22/2020
05318,05,ANTIOQUIA,318,GUARNE,03/13/2020
05321,05,ANTIOQUIA,321,GUATAPÉ,03/10/2020
05347,05,ANTIOQUIA,347,HELICONIA,06/26/2020
05353,05,ANTIOQUIA,353,HISPANIA,06/07/2020
05360,05,ANTIOQUIA,360,ITAGÜÍ,03/06/2020
05361,05,ANTIOQUIA,361,ITUANGO,05/02/2020
05364,05,ANTIOQUIA,364,JARDÍN,07/25/2020
05368,05,ANTIOQUIA,368,JERICÓ,05/21/2020
05376,05,ANTIOQUIA,376,LA CEJA,03/20/2020
05380,05,ANTIOQUIA,380,LA ESTRELLA,03/14/2020
05390,05,ANTIOQUIA,390,LA PINTADA,07/13/2020
05400,05,ANTIOQUIA,400,LA UNIÓN,07/04/2020
05411,05,ANTIOQUIA,411,LIBORINA,07/06/2020
05425,05,ANTIOQUIA,425,MACEO,05/20/2020
05440,05,ANTIOQUIA,440,MARINILLA,05/16/2020
05467,05,ANTIOQUIA,467,MONTEBELLO,03/19/2020
05475,05,ANTIOQUIA,475,MURINDÓ,06/10/2020
05480,05,ANTIOQUIA,480,MUTATÁ,06/19/2020
05490,05,ANTIOQUIA,490,NECOCLÍ,06/12/2020
05495,05,ANTIOQUIA,495,NECHÍ,05/04/2020
05501,05,ANTIOQUIA,501,OLAYA,07/05/2020
05541,05,ANTIOQUIA,541,PEÑOL,07/09/2020
05543,05,ANTIOQUIA,543,PEQUE,07/03/2020
05579,05,ANTIOQUIA,579,PUERTO BERRÍO,06/24/2020
05585,05,ANTIOQUIA,585,PUERTO NARE,06/27/2020
05591,05,ANTIOQUIA,591,PUERTO TRIUNFO,06/20/2020
05604,05,ANTIOQUIA,604,REMEDIOS,06/19/2020
05607,05,ANTIOQUIA,607,RETIRO,03/07/2020
05615,05,ANTIOQUIA,615,RIONEGRO,03/09/2020
05628,05,ANTIOQUIA,628,SABANALARGA,07/08/2020
05631,05,ANTIOQUIA,631,SABANETA,03/14/2020
05642,05,ANTIOQUIA,642,SALGAR,05/29/2020
05647,05,ANTIOQUIA,647,SAN ANDRÉS DE CUERQUÍA,07/25/2020
05649,05,ANTIOQUIA,649,SAN CARLOS,06/24/2020
05652,05,ANTIOQUIA,652,SAN FRANCISCO,03/22/2020
05656,05,ANTIOQUIA,656,SAN JERÓNIMO,07/06/2020
05658,05,ANTIOQUIA,658,SAN JOSÉ LA MONTAÑA,06/29/2020
05659,05,ANTIOQUIA,659,SAN JUAN DE URABÁ,06/01/2020
05660,05,ANTIOQUIA,660,SAN LUIS,06/30/2020
05664,05,ANTIOQUIA,664,SAN PEDRO LOS MILAGROS,06/27/2020
05665,05,ANTIOQUIA,665,SAN PEDRO DE URABÁ,04/11/2020
05667,05,ANTIOQUIA,667,SAN RAFAEL,06/30/2020
05670,05,ANTIOQUIA,670,SAN ROQUE,05/29/2020
05674,05,ANTIOQUIA,674,SAN VICENTE FERRER,06/26/2020
05679,05,ANTIOQUIA,679,SANTA BÁRBARA,06/21/2020
05686,05,ANTIOQUIA,686,SANTA ROSA DE OSOS,03/16/2020
05690,05,ANTIOQUIA,690,SANTO DOMINGO,06/24/2020
05697,05,ANTIOQUIA,697,EL SANTUARIO,03/25/2020
05736,05,ANTIOQUIA,736,SEGOVIA,06/20/2020
05756,05,ANTIOQUIA,756,SONSÓN,04/03/2020
05761,05,ANTIOQUIA,761,SOPETRÁN,06/24/2020
05789,05,ANTIOQUIA,789,TÁMESIS,05/22/2020
05790,05,ANTIOQUIA,790,TARAZÁ,05/20/2020
05792,05,ANTIOQUIA,792,TARSO,07/09/2020
05809,05,ANTIOQUIA,809,TITIRIBÍ,07/02/2020
05819,05,ANTIOQUIA,819,TOLEDO,07/11/2020
05837,05,ANTIOQUIA,837,TURBO,05/09/2020
05842,05,ANTIOQUIA,842,URAMITA,07/05/2020
05847,05,ANTIOQUIA,847,URRAO,06/24/2020
05854,05,ANTIOQUIA,854,VALDIVIA,05/18/2020
05856,05,ANTIOQUIA,856,VALPARAÍSO,06/26/2020
05858,05,ANTIOQUIA,858,VEGACHÍ,08/13/2020
05861,05,ANTIOQUIA,861,VENECIA,06/22/2020
05873,05,ANTIOQUIA,873,VIGÍA DEL FUERTE,05/30/2020
05885,05,ANTIOQUIA,885,YALÍ,08/29/2020
05887,05,ANTIOQUIA,887,YARUMAL,06/01/2020
05890,05,ANTIOQUIA,890,YOLOMBÓ,05/20/2020
05893,05,ANTIOQUIA,893,YONDÓ,07/21/2020
05895,05,ANTIOQUIA,895,ZARAGOZA,06/23/2020
81001,81,ARAUCA,001,ARAUCA,04/24/2020
81065,81,ARAUCA,065,ARAUQUITA,05/30/2020
81300,81,ARAUCA,300,FORTUL,07/20/2020
81736,81,ARAUCA,736,SARAVENA,05/17/2020
81794,81,ARAUCA,794,TAME,05/28/2020
88001,88,"ARCHIPIÉLAGO DE SAN ANDRÉS, PROVIDENCIA Y SANTA CATALINA",001,SAN ANDRÉS,03/22/2020
88564,88,"ARCHIPIÉLAGO DE SAN ANDRÉS, PROVIDENCIA Y SANTA CATALINA",564,PROVIDENCIA,05/06/2020
08078,08,ATLÁNTICO,078,BARANOA,04/04/2020
08137,08,ATLÁNTICO,137,CAMPO DE LA CRUZ,05/04/2020
08141,08,ATLÁNTICO,141,CANDELARIA,05/04/2020
08296,08,ATLÁNTICO,296,GALAPA,03/17/2020
08372,08,ATLÁNTICO,372,JUAN DE ACOSTA,05/01/2020
08421,08,ATLÁNTICO,421,LURUACO,05/01/2020
08433,08,ATLÁNTICO,433,MALAMBO,04/02/2020
08436,08,ATLÁNTICO,436,MANATÍ,04/16/2020
08520,08,ATLÁNTICO,520,PALMAR DE VARELA,04/13/2020
08549,08,ATLÁNTICO,549,PIOJÓ,05/14/2020
08558,08,ATLÁNTICO,558,POLONUEVO,03/19/2020
08560,08,ATLÁNTICO,560,PONEDERA,03/21/2020
08573,08,ATLÁNTICO,573,PUERTO COLOMBIA,03/15/2020
08606,08,ATLÁNTICO,606,REPELÓN,04/27/2020
08634,08,ATLÁNTICO,634,SABANAGRANDE,03/03/2020
08638,08,ATLÁNTICO,638,SABANALARGA,04/19/2020
08675,08,ATLÁNTICO,675,SANTA LUCÍA,04/22/2020
08685,08,ATLÁNTICO,685,SANTO TOMÁS,03/13/2020
08758,08,ATLÁNTICO,758,SOLEDAD,03/15/2020
08770,08,ATLÁNTICO,770,SUAN,05/26/2020
08832,08,ATLÁNTICO,832,TUBARÁ,05/10/2020
08849,08,ATLÁNTICO,849,USIACURÍ,05/07/2020
08001,08,BARRANQUILLA D.E.,001,BARRANQUILLA,03/06/2020
11001,11,"BOGOTÁ, D.C.",001,"BOGOTÁ, D.C.",02/27/2020
13006,13,BOLÍVAR,006,ACHÍ,06/15/2020
13030,13,BOLÍVAR,030,ALTOS DEL ROSARIO,07/12/2020
13042,13,BOLÍVAR,042,ARENAL,04/27/2020
13052,13,BOLÍVAR,052,ARJONA,03/19/2020
13062,13,BOLÍVAR,062,ARROYOHONDO,06/17/2020
13074,13,BOLÍVAR,074,BARRANCO DE LOBA,03/12/2020
13140,13,BOLÍVAR,140,CALAMAR,04/08/2020
13160,13,BOLÍVAR,160,CANTAGALLO,07/03/2020
13188,13,BOLÍVAR,188,CICUCO,06/07/2020
13212,13,BOLÍVAR,212,CÓRDOBA,06/26/2020
13222,13,BOLÍVAR,222,CLEMENCIA,05/07/2020
13244,13,BOLÍVAR,244,EL CARMEN DE BOLÍVAR,05/24/2020
13248,13,BOLÍVAR,248,EL GUAMO,07/24/2020
13268,13,BOLÍVAR,268,EL PEÑÓN,07/13/2020
13300,13,BOLÍVAR,300,HATILLO DE LOBA,06/24/2020
13430,13,BOLÍVAR,430,MAGANGUÉ,04/30/2020
13433,13,BOLÍVAR,433,MAHATES,05/19/2020
13440,13,BOLÍVAR,440,MARGARITA,07/14/2020
13442,13,BOLÍVAR,442,MARÍA LA BAJA,04/24/2020
13458,13,BOLÍVAR,458,MONTECRISTO,06/18/2020
13468,13,BOLÍVAR,468,MOMPÓS,05/15/2020
13473,13,BOLÍVAR,473,MORALES,06/17/2020
13490,13,BOLÍVAR,490,NOROSÍ,06/30/2020
13549,13,BOLÍVAR,549,PINILLOS,06/02/2020
13580,13,BOLÍVAR,580,REGIDOR,07/15/2020
13600,13,BOLÍVAR,600,RÍO VIEJO,07/25/2020
13620,13,BOLÍVAR,620,SAN CRISTÓBAL,04/05/2020
13647,13,BOLÍVAR,647,SAN ESTANISLAO,06/10/2020
13650,13,BOLÍVAR,650,SAN FERNANDO,08/15/2020
13654,13,BOLÍVAR,654,SAN JACINTO,06/12/2020
13655,13,BOLÍVAR,655,SAN JACINTO DEL CAUCA,07/06/2020
13657,13,BOLÍVAR,657,SAN JUAN NEPOMUCENO,05/23/2020
13667,13,BOLÍVAR,667,SAN MARTÍN DE LOBA,07/21/2020
13670,13,BOLÍVAR,670,SAN PABLO,05/21/2020
13673,13,BOLÍVAR,673,SANTA CATALINA,05/11/2020
13683,13,BOLÍVAR,683,SANTA ROSA,04/17/2020
13688,13,BOLÍVAR,688,SANTA ROSA DEL SUR,05/22/2020
13744,13,BOLÍVAR,744,SIMITÍ,08/10/2020
13760,13,BOLÍVAR,760,SOPLAVIENTO,06/13/2020
13780,13,BOLÍVAR,780,TALAIGUA NUEVO,07/02/2020
13810,13,BOLÍVAR,810,TIQUISIO,06/01/2020
13836,13,BOLÍVAR,836,TURBACO,03/15/2020
13838,13,BOLÍVAR,838,TURBANÁ,04/24/2020
13873,13,BOLÍVAR,873,VILLANUEVA,04/10/2020
13894,13,BOLÍVAR,894,ZAMBRANO,06/17/2020
15001,15,BOYACÁ,001,TUNJA,03/18/2020
15047,15,BOYACÁ,047,AQUITANIA,04/10/2020
15051,15,BOYACÁ,051,ARCABUCO,07/08/2020
15087,15,BOYACÁ,087,BELÉN,07/10/2020
15097,15,BOYACÁ,097,BOAVITA,08/12/2020
15104,15,BOYACÁ,104,BOYACÁ,08/12/2020
15106,15,BOYACÁ,106,BRICEÑO,07/21/2020
15109,15,BOYACÁ,109,BUENAVISTA,05/26/2020
15131,15,BOYACÁ,131,CALDAS,04/22/2020
15162,15,BOYACÁ,162,CERINZA,08/12/2020
15176,15,BOYACÁ,176,CHIQUINQUIRÁ,04/20/2020
15180,15,BOYACÁ,180,CHISCAS,08/03/2020
15183,15,BOYACÁ,183,CHITA,08/06/2020
15185,15,BOYACÁ,185,CHITARAQUE,08/08/2020
15187,15,BOYACÁ,187,CHIVATÁ,08/12/2020
15189,15,BOYACÁ,189,CIÉNEGA,07/31/2020
15204,15,BOYACÁ,204,CÓMBITA,05/01/2020
15212,15,BOYACÁ,212,COPER,05/17/2020
15215,15,BOYACÁ,215,CORRALES,05/22/2020
15218,15,BOYACÁ,218,COVARACHÍA,06/24/2020
15223,15,BOYACÁ,223,CUBARÁ,04/23/2020
15224,15,BOYACÁ,224,CUCAITA,05/05/2020
15226,15,BOYACÁ,226,CUÍTIVA,07/23/2020
15232,15,BOYACÁ,232,CHÍQUIZA,07/20/2020
15238,15,BOYACÁ,238,DUITAMA,04/20/2020
15244,15,BOYACÁ,244,EL COCUY,08/07/2020
15248,15,BOYACÁ,248,EL ESPINO,08/06/2020
15272,15,BOYACÁ,272,FIRAVITOBA,05/27/2020
15293,15,BOYACÁ,293,GACHANTIVÁ,08/11/2020
15296,15,BOYACÁ,296,GÁMEZA,07/31/2020
15299,15,BOYACÁ,299,GARAGOA,03/22/2020
15317,15,BOYACÁ,317,GUACAMAYAS,08/04/2020
15322,15,BOYACÁ,322,GUATEQUE,05/12/2020
15325,15,BOYACÁ,325,GUAYATÁ,06/05/2020
15362,15,BOYACÁ,362,IZA,07/21/2020
15367,15,BOYACÁ,367,JENESANO,08/11/2020
15368,15,BOYACÁ,368,JERICÓ,08/11/2020
15380,15,BOYACÁ,380,LA CAPILLA,08/29/2020
15403,15,BOYACÁ,403,LA UVITA,07/13/2020
15407,15,BOYACÁ,407,VILLA DE LEYVA,04/23/2020
15425,15,BOYACÁ,425,MACANAL,08/23/2020
15442,15,BOYACÁ,442,MARIPÍ,06/28/2020
15455,15,BOYACÁ,455,MIRAFLORES,05/05/2020
15464,15,BOYACÁ,464,MONGUA,08/28/2020
15466,15,BOYACÁ,466,MONGUÍ,07/10/2020
15469,15,BOYACÁ,469,MONIQUIRÁ,04/20/2020
15476,15,BOYACÁ,476,MOTAVITA,07/24/2020
15480,15,BOYACÁ,480,MUZO,04/30/2020
15491,15,BOYACÁ,491,NOBSA,06/23/2020
15494,15,BOYACÁ,494,NUEVO COLÓN,05/17/2020
15500,15,BOYACÁ,500,OICATÁ,03/25/2020
15507,15,BOYACÁ,507,OTANCHE,08/05/2020
15511,15,BOYACÁ,511,PACHAVITA,07/25/2020
15516,15,BOYACÁ,516,PAIPA,04/19/2020
15518,15,BOYACÁ,518,PAJARITO,08/05/2020
15522,15,BOYACÁ,522,PANQUEBA,08/07/2020
15531,15,BOYACÁ,531,PAUNA,05/17/2020
15533,15,BOYACÁ,533,PAYA,05/14/2020
15537,15,BOYACÁ,537,PAZ DE RÍO,08/02/2020
15542,15,BOYACÁ,542,PESCA,07/27/2020
15572,15,BOYACÁ,572,PUERTO BOYACÁ,06/22/2020
15580,15,BOYACÁ,580,QUÍPAMA,07/26/2020
15599,15,BOYACÁ,599,RAMIRIQUÍ,06/19/2020
15600,15,BOYACÁ,600,RÁQUIRA,08/04/2020
15632,15,BOYACÁ,632,SABOYÁ,07/13/2020
15638,15,BOYACÁ,638,SÁCHICA,09/15/2020
15646,15,BOYACÁ,646,SAMACÁ,04/23/2020
15664,15,BOYACÁ,664,SAN JOSÉ DE PARE,07/31/2020
15667,15,BOYACÁ,667,SAN LUIS DE GACENO,08/13/2020
15676,15,BOYACÁ,676,SAN MIGUEL DE SEMA,05/13/2020
15681,15,BOYACÁ,681,SAN PABLO DE BORBUR,07/26/2020
15686,15,BOYACÁ,686,SANTANA,03/13/2020
15690,15,BOYACÁ,690,SANTA MARÍA,08/03/2020
15693,15,BOYACÁ,693,SANTA ROSA DE VITERBO,05/04/2020
15696,15,BOYACÁ,696,SANTA SOFÍA,03/28/2020
15720,15,BOYACÁ,720,SATIVANORTE,08/02/2020
15723,15,BOYACÁ,723,SATIVASUR,08/01/2020
15740,15,BOYACÁ,740,SIACHOQUE,06/25/2020
15753,15,BOYACÁ,753,SOATÁ,07/05/2020
15757,15,BOYACÁ,757,SOCHA,03/23/2020
15759,15,BOYACÁ,759,SOGAMOSO,03/25/2020
15763,15,BOYACÁ,763,SOTAQUIRÁ,07/30/2020
15764,15,BOYACÁ,764,SORACÁ,06/30/2020
15774,15,BOYACÁ,774,SUSACÓN,06/13/2020
15776,15,BOYACÁ,776,SUTAMARCHÁN,05/10/2020
15790,15,BOYACÁ,790,TASCO,05/19/2020
15798,15,BOYACÁ,798,TENZA,03/29/2020
15804,15,BOYACÁ,804,TIBANÁ,06/26/2020
15806,15,BOYACÁ,806,TIBASOSA,07/02/2020
15808,15,BOYACÁ,808,TINJACÁ,05/07/2020
15810,15,BOYACÁ,810,TIPACOQUE,05/11/2020
15814,15,BOYACÁ,814,TOCA,05/26/2020
15816,15,BOYACÁ,816,TOGÜÍ,03/21/2020
15820,15,BOYACÁ,820,TÓPAGA,08/05/2020
15822,15,BOYACÁ,822,TOTA,08/06/2020
15832,15,BOYACÁ,832,TUNUNGUÁ,08/26/2020
15835,15,BOYACÁ,835,TURMEQUÉ,04/27/2020
15837,15,BOYACÁ,837,TUTA,06/24/2020
15842,15,BOYACÁ,842,ÚMBITA,07/22/2020
15861,15,BOYACÁ,861,VENTAQUEMADA,05/07/2020
15879,15,BOYACÁ,879,VIRACACHÁ,05/08/2020
15897,15,BOYACÁ,897,ZETAQUIRA,07/25/2020
76109,76,BUENAVENTURA D.E.,109,BUENAVENTURA,03/23/2020
17001,17,CALDAS,001,MANIZALES,03/12/2020
17013,17,CALDAS,013,AGUADAS,05/01/2020
17042,17,CALDAS,042,ANSERMA,03/27/2020
17050,17,CALDAS,050,ARANZAZU,06/13/2020
17088,17,CALDAS,088,BELALCÁZAR,07/17/2020
17174,17,CALDAS,174,CHINCHINÁ,03/14/2020
17272,17,CALDAS,272,FILADELFIA,08/21/2020
17380,17,CALDAS,380,LA DORADA,03/13/2020
17388,17,CALDAS,388,LA MERCED,07/26/2020
17433,17,CALDAS,433,MANZANARES,05/03/2020
17442,17,CALDAS,442,MARMATO,04/22/2020
17444,17,CALDAS,444,MARQUETALIA,04/27/2020
17446,17,CALDAS,446,MARULANDA,09/02/2020
17486,17,CALDAS,486,NEIRA,05/24/2020
17495,17,CALDAS,495,NORCASIA,04/25/2020
17513,17,CALDAS,513,PÁCORA,07/06/2020
17524,17,CALDAS,524,PALESTINA,07/07/2020
17541,17,CALDAS,541,PENSILVANIA,07/19/2020
17614,17,CALDAS,614,RIOSUCIO,05/01/2020
17616,17,CALDAS,616,RISARALDA,04/20/2020
17653,17,CALDAS,653,SALAMINA,07/15/2020
17662,17,CALDAS,662,SAMANÁ,04/20/2020
17665,17,CALDAS,665,SAN JOSÉ,08/21/2020
17777,17,CALDAS,777,SUPÍA,05/28/2020
17867,17,CALDAS,867,VICTORIA,07/20/2020
17873,17,CALDAS,873,VILLAMARÍA,03/14/2020
17877,17,CALDAS,877,VITERBO,03/15/2020
18001,18,CAQUETÁ,001,FLORENCIA,03/25/2020
18029,18,CAQUETÁ,029,ALBANIA,06/21/2020
18094,18,CAQUETÁ,094,BELÉN DE LOS ANDAQUÍES,07/01/2020
18150,18,CAQUETÁ,150,CARTAGENA DEL CHAIRÁ,06/26/2020
18205,18,CAQUETÁ,205,CURILLO,07/16/2020
18247,18,CAQUETÁ,247,EL DONCELLO,06/26/2020
18256,18,CAQUETÁ,256,EL PAUJÍL,07/01/2020
18410,18,CAQUETÁ,410,LA MONTAÑITA,07/05/2020
18460,18,CAQUETÁ,460,MILÁN,07/17/2020
18479,18,CAQUETÁ,479,MORELIA,07/13/2020
18592,18,CAQUETÁ,592,PUERTO RICO,06/24/2020
18610,18,CAQUETÁ,610,SAN JOSÉ DEL FRAGUA,06/27/2020
18753,18,CAQUETÁ,753,SAN VICENTE DEL CAGUÁN,04/22/2020
18756,18,CAQUETÁ,756,SOLANO,07/13/2020
18785,18,CAQUETÁ,785,SOLITA,06/17/2020
18860,18,CAQUETÁ,860,VALPARAÍSO,07/08/2020
13001,13,CARTAGENA D.T. Y C.,001,CARTAGENA DE INDIAS,03/01/2020
85001,85,CASANARE,001,YOPAL,03/17/2020
85010,85,CASANARE,010,AGUAZUL,06/09/2020
85125,85,CASANARE,125,HATO COROZAL,07/19/2020
85139,85,CASANARE,139,MANÍ,06/08/2020
85162,85,CASANARE,162,MONTERREY,07/06/2020
85230,85,CASANARE,230,OROCUÉ,06/23/2020
85250,85,CASANARE,250,PAZ DE ARIPORO,04/20/2020
85263,85,CASANARE,263,PORE,06/15/2020
85279,85,CASANARE,279,RECETOR,08/20/2020
85315,85,CASANARE,315,SÁCAMA,09/12/2020
85325,85,CASANARE,325,SAN LUIS DE PALENQUE,07/30/2020
85410,85,CASANARE,410,TAURAMENA,05/08/2020
85430,85,CASANARE,430,TRINIDAD,07/17/2020
85440,85,CASANARE,440,VILLANUEVA,05/04/2020
19001,19,CAUCA,001,POPAYÁN,03/09/2020
19050,19,CAUCA,050,ARGELIA,06/15/2020
19075,19,CAUCA,075,BALBOA,06/09/2020
19100,19,CAUCA,100,BOLÍVAR,08/04/2020
19110,19,CAUCA,110,BUENOS AIRES,05/05/2020
19130,19,CAUCA,130,CAJIBÍO,06/06/2020
19137,19,CAUCA,137,CALDONO,06/09/2020
19142,19,CAUCA,142,CALOTO,04/24/2020
19212,19,CAUCA,212,CORINTO,06/18/2020
19256,19,CAUCA,256,EL TAMBO,04/01/2020
19290,19,CAUCA,290,FLORENCIA,07/19/2020
19300,19,CAUCA,300,GUACHENÉ,03/28/2020
19318,19,CAUCA,318,GUAPÍ,05/25/2020
19355,19,CAUCA,355,INZÁ,07/22/2020
19364,19,CAUCA,364,JAMBALÓ,07/18/2020
19392,19,CAUCA,392,LA SIERRA,07/05/2020
19397,19,CAUCA,397,LA VEGA,08/02/2020
19418,19,CAUCA,418,LÓPEZ DE MICAY,04/20/2020
19450,19,CAUCA,450,MERCADERES,06/11/2020
19455,19,CAUCA,455,MIRANDA,03/25/2020
19473,19,CAUCA,473,MORALES,06/28/2020
19513,19,CAUCA,513,PADILLA,06/05/2020
19517,19,CAUCA,517,PÁEZ,07/09/2020
19532,19,CAUCA,532,PATÍA,05/17/2020
19533,19,CAUCA,533,PIAMONTE,08/22/2020
19548,19,CAUCA,548,PIENDAMÓ,04/20/2020
19573,19,CAUCA,573,PUERTO TEJADA,04/01/2020
19585,19,CAUCA,585,PURACÉ,07/28/2020
19622,19,CAUCA,622,ROSAS,06/22/2020
19698,19,CAUCA,698,SANTANDER DE QUILICHAO,03/21/2020
19701,19,CAUCA,701,SANTA ROSA,07/22/2020
19743,19,CAUCA,743,SILVIA,05/27/2020
19760,19,CAUCA,760,SOTARA,07/24/2020
19780,19,CAUCA,780,SUÁREZ,06/29/2020
19785,19,CAUCA,785,SUCRE,07/23/2020
19807,19,CAUCA,807,TIMBÍO,03/28/2020
19809,19,CAUCA,809,TIMBIQUÍ,05/01/2020
19821,19,CAUCA,821,TORIBÍO,07/10/2020
19824,19,CAUCA,824,TOTORÓ,04/30/2020
19845,19,CAUCA,845,VILLA RICA,04/18/2020
20001,20,CESAR,001,VALLEDUPAR,03/14/2020
20011,20,CESAR,011,AGUACHICA,04/05/2020
20013,20,CESAR,013,AGUSTÍN CODAZZI,04/08/2020
20032,20,CESAR,032,ASTREA,06/12/2020
20045,20,CESAR,045,BECERRIL,05/18/2020
20060,20,CESAR,060,BOSCONIA,04/11/2020
20175,20,CESAR,175,CHIMICHAGUA,06/08/2020
20178,20,CESAR,178,CHIRIGUANÁ,04/23/2020
20228,20,CESAR,228,CURUMANÍ,05/25/2020
20238,20,CESAR,238,EL COPEY,05/21/2020
20250,20,CESAR,250,EL PASO,05/12/2020
20295,20,CESAR,295,GAMARRA,06/05/2020
20310,20,CESAR,310,GONZÁLEZ,05/11/2020
20383,20,CESAR,383,LA GLORIA,06/04/2020
20400,20,CESAR,400,LA JAGUA DE IBIRICO,04/17/2020
20443,20,CESAR,443,MANAURE BALCÓN DEL CESAR,06/08/2020
20517,20,CESAR,517,PAILITAS,05/31/2020
20550,20,CESAR,550,PELAYA,05/31/2020
20570,20,CESAR,570,PUEBLO BELLO,05/25/2020
20614,20,CESAR,614,RÍO DE ORO,04/14/2020
20621,20,CESAR,621,LA PAZ,04/11/2020
20710,20,CESAR,710,SAN ALBERTO,06/05/2020
20750,20,CESAR,750,SAN DIEGO,03/19/2020
20770,20,CESAR,770,SAN MARTÍN,04/02/2020
20787,20,CESAR,787,TAMALAMEQUE,06/03/2020
27001,27,CHOCÓ,001,QUIBDÓ,03/23/2020
27006,27,CHOCÓ,006,ACANDÍ,06/22/2020
27025,27,CHOCÓ,025,ALTO BAUDÓ,05/26/2020
27050,27,CHOCÓ,050,ATRATO,05/01/2020
27073,27,CHOCÓ,073,BAGADÓ,05/12/2020
27075,27,CHOCÓ,075,BAHÍA SOLANO,05/02/2020
27077,27,CHOCÓ,077,BAJO BAUDÓ,06/13/2020
27099,27,CHOCÓ,099,BOJAYÁ,05/05/2020
27135,27,CHOCÓ,135,EL CANTÓN SAN PABLO,05/30/2020
27150,27,CHOCÓ,150,CARMEN DEL DARIÉN,06/25/2020
27160,27,CHOCÓ,160,CÉRTEGUI,05/17/2020
27205,27,CHOCÓ,205,CONDOTO,05/20/2020
27245,27,CHOCÓ,245,EL CARMEN DE ATRATO,06/01/2020
27250,27,CHOCÓ,250,EL LITORAL SAN JUAN,08/01/2020
27361,27,CHOCÓ,361,ISTMINA,05/03/2020
27413,27,CHOCÓ,413,LLORÓ,06/01/2020
27430,27,CHOCÓ,430,MEDIO BAUDÓ,05/02/2020
27450,27,CHOCÓ,450,MEDIO SAN JUAN,06/16/2020
27491,27,CHOCÓ,491,NÓVITA,06/23/2020
27495,27,CHOCÓ,495,NUQUÍ,07/02/2020
27580,27,CHOCÓ,580,RÍO IRÓ,05/02/2020
27600,27,CHOCÓ,600,RÍO QUITO,05/08/2020
27615,27,CHOCÓ,615,RIOSUCIO,06/14/2020
27787,27,CHOCÓ,787,TADÓ,05/08/2020
27800,27,CHOCÓ,800,UNGUÍA,05/18/2020
27810,27,CHOCÓ,810,UNIÓN PANAMERICANA,04/01/2020
23001,23,CÓRDOBA,001,MONTERÍA,03/15/2020
23068,23,CÓRDOBA,068,AYAPEL,04/06/2020
23079,23,CÓRDOBA,079,BUENAVISTA,05/30/2020
23090,23,CÓRDOBA,090,CANALETE,04/23/2020
23162,23,CÓRDOBA,162,CERETÉ,03/28/2020
23168,23,CÓRDOBA,168,CHIMÁ,05/18/2020
23182,23,CÓRDOBA,182,CHINÚ,05/14/2020
23189,23,CÓRDOBA,189,CIÉNAGA DE ORO,03/29/2020
23300,23,CÓRDOBA,300,COTORRA,05/29/2020
23350,23,CÓRDOBA,350,LA APARTADA,06/27/2020
23417,23,CÓRDOBA,417,LORICA,04/12/2020
23419,23,CÓRDOBA,419,LOS CÓRDOBAS,05/12/2020
23464,23,CÓRDOBA,464,MOMIL,06/22/2020
23466,23,CÓRDOBA,466,MONTELÍBANO,05/04/2020
23500,23,CÓRDOBA,500,MOÑITOS,06/10/2020
23555,23,CÓRDOBA,555,PLANETA RICA,05/02/2020
23570,23,CÓRDOBA,570,PUEBLO NUEVO,04/12/2020
23574,23,CÓRDOBA,574,PUERTO ESCONDIDO,05/31/2020
23580,23,CÓRDOBA,580,PUERTO LIBERTADOR,06/04/2020
23586,23,CÓRDOBA,586,PURÍSIMA DE LA CONCEPCIÓN,05/31/2020
23660,23,CÓRDOBA,660,SAHAGÚN,03/26/2020
23670,23,CÓRDOBA,670,SAN ANDRÉS DE SOTAVENTO,06/08/2020
23672,23,CÓRDOBA,672,SAN ANTERO,06/15/2020
23675,23,CÓRDOBA,675,SAN BERNARDO DEL VIENTO,05/21/2020
23678,23,CÓRDOBA,678,SAN CARLOS,06/05/2020
23682,23,CÓRDOBA,682,SAN JOSÉ DE URÉ,06/02/2020
23686,23,CÓRDOBA,686,SAN PELAYO,06/10/2020
23807,23,CÓRDOBA,807,TIERRALTA,03/30/2020
23815,23,CÓRDOBA,815,TUCHÍN,05/26/2020
23855,23,CÓRDOBA,855,VALENCIA,05/30/2020
25001,25,CUNDINAMARCA,001,AGUA DE DIOS,05/18/2020
25019,25,CUNDINAMARCA,019,ALBÁN,05/30/2020
25035,25,CUNDINAMARCA,035,ANAPOIMA,03/11/2020
25040,25,CUNDINAMARCA,040,ANOLAIMA,05/20/2020
25053,25,CUNDINAMARCA,053,ARBELÁEZ,07/07/2020
25086,25,CUNDINAMARCA,086,BELTRÁN,06/10/2020
25095,25,CUNDINAMARCA,095,BITUIMA,06/30/2020
25099,25,CUNDINAMARCA,099,BOJACÁ,06/08/2020
25120,25,CUNDINAMARCA,120,CABRERA,05/26/2020
25123,25,CUNDINAMARCA,123,CACHIPAY,05/30/2020
25126,25,CUNDINAMARCA,126,CAJICÁ,03/08/2020
25148,25,CUNDINAMARCA,148,CAPARRAPÍ,08/14/2020
25151,25,CUNDINAMARCA,151,CÁQUEZA,04/30/2020
25154,25,CUNDINAMARCA,154,CARMEN DE CARUPA,06/22/2020
25175,25,CUNDINAMARCA,175,CHÍA,03/10/2020
25178,25,CUNDINAMARCA,178,CHIPAQUE,04/29/2020
25181,25,CUNDINAMARCA,181,CHOACHÍ,03/25/2020
25183,25,CUNDINAMARCA,183,CHOCONTÁ,05/10/2020
25200,25,CUNDINAMARCA,200,COGUA,03/28/2020
25214,25,CUNDINAMARCA,214,COTA,03/14/2020
25224,25,CUNDINAMARCA,224,CUCUNUBÁ,06/06/2020
25245,25,CUNDINAMARCA,245,EL COLEGIO,04/03/2020
25258,25,CUNDINAMARCA,258,EL PEÑÓN,05/03/2020
25260,25,CUNDINAMARCA,260,EL ROSAL,05/28/2020
25269,25,CUNDINAMARCA,269,FACATATIVÁ,03/20/2020
25279,25,CUNDINAMARCA,279,FÓMEQUE,04/29/2020
25281,25,CUNDINAMARCA,281,FOSCA,07/10/2020
25286,25,CUNDINAMARCA,286,FUNZA,03/20/2020
25288,25,CUNDINAMARCA,288,FÚQUENE,06/28/2020
25290,25,CUNDINAMARCA,290,FUSAGASUGÁ,03/17/2020
25293,25,CUNDINAMARCA,293,GACHALÁ,07/03/2020
25295,25,CUNDINAMARCA,295,GACHANCIPÁ,05/03/2020
25297,25,CUNDINAMARCA,297,GACHETÁ,07/01/2020
25299,25,CUNDINAMARCA,299,GAMA,07/27/2020
25307,25,CUNDINAMARCA,307,GIRARDOT,05/02/2020
25312,25,CUNDINAMARCA,312,GRANADA,06/03/2020
25317,25,CUNDINAMARCA,317,GUACHETÁ,07/23/2020
25320,25,CUNDINAMARCA,320,GUADUAS,03/31/2020
25322,25,CUNDINAMARCA,322,GUASCA,06/15/2020
25324,25,CUNDINAMARCA,324,GUATAQUÍ,06/06/2020
25326,25,CUNDINAMARCA,326,GUATAVITA,05/31/2020
25335,25,CUNDINAMARCA,335,GUAYABETAL,08/01/2020
25372,25,CUNDINAMARCA,372,JUNÍN,05/11/2020
25377,25,CUNDINAMARCA,377,LA CALERA,03/20/2020
25386,25,CUNDINAMARCA,386,LA MESA,05/16/2020
25394,25,CUNDINAMARCA,394,LA PALMA,06/21/2020
25402,25,CUNDINAMARCA,402,LA VEGA,06/12/2020
25407,25,CUNDINAMARCA,407,LENGUAZAQUE,05/14/2020
25426,25,CUNDINAMARCA,426,MACHETÁ,05/25/2020
25430,25,CUNDINAMARCA,430,MADRID,03/14/2020
25436,25,CUNDINAMARCA,436,MANTA,05/17/2020
25473,25,CUNDINAMARCA,473,MOSQUERA,03/16/2020
25483,25,CUNDINAMARCA,483,NARIÑO,06/20/2020
25486,25,CUNDINAMARCA,486,NEMOCÓN,06/12/2020
25488,25,CUNDINAMARCA,488,NILO,05/10/2020
25489,25,CUNDINAMARCA,489,NIMAIMA,07/08/2020
25491,25,CUNDINAMARCA,491,NOCAIMA,07/31/2020
25506,25,CUNDINAMARCA,506,VENECIA,05/16/2020
25513,25,CUNDINAMARCA,513,PACHO,03/20/2020
25524,25,CUNDINAMARCA,524,PANDI,07/09/2020
25530,25,CUNDINAMARCA,530,PARATEBUENO,08/03/2020
25535,25,CUNDINAMARCA,535,PASCA,05/12/2020
25572,25,CUNDINAMARCA,572,PUERTO SALGAR,05/14/2020
25580,25,CUNDINAMARCA,580,PULÍ,08/30/2020
25592,25,CUNDINAMARCA,592,QUEBRADANEGRA,07/05/2020
25594,25,CUNDINAMARCA,594,QUETAME,06/25/2020
25596,25,CUNDINAMARCA,596,QUIPILE,08/21/2020
25599,25,CUNDINAMARCA,599,APULO,05/26/2020
25612,25,CUNDINAMARCA,612,RICAURTE,05/18/2020
25645,25,CUNDINAMARCA,645,SAN ANTONIO DEL TEQUENDAMA,05/10/2020
25649,25,CUNDINAMARCA,649,SAN BERNARDO,06/11/2020
25653,25,CUNDINAMARCA,653,SAN CAYETANO,08/31/2020
25658,25,CUNDINAMARCA,658,SAN FRANCISCO,05/11/2020
25662,25,CUNDINAMARCA,662,SAN JUAN DE RIOSECO,03/16/2020
25718,25,CUNDINAMARCA,718,SASAIMA,05/28/2020
25736,25,CUNDINAMARCA,736,SESQUILÉ,05/18/2020
25740,25,CUNDINAMARCA,740,SIBATÉ,04/18/2020
25743,25,CUNDINAMARCA,743,SILVANIA,04/28/2020
25745,25,CUNDINAMARCA,745,SIMIJACA,06/05/2020
25754,25,CUNDINAMARCA,754,SOACHA,03/11/2020
25758,25,CUNDINAMARCA,758,SOPÓ,03/17/2020
25769,25,CUNDINAMARCA,769,SUBACHOQUE,03/12/2020
25772,25,CUNDINAMARCA,772,SUESCA,03/29/2020
25777,25,CUNDINAMARCA,777,SUPATÁ,08/03/2020
25779,25,CUNDINAMARCA,779,SUSA,08/31/2020
25781,25,CUNDINAMARCA,781,SUTATAUSA,07/24/2020
25785,25,CUNDINAMARCA,785,TABIO,05/05/2020
25793,25,CUNDINAMARCA,793,TAUSA,07/01/2020
25797,25,CUNDINAMARCA,797,TENA,05/15/2020
25799,25,CUNDINAMARCA,799,TENJO,03/30/2020
25805,25,CUNDINAMARCA,805,TIBACUY,09/07/2020
25815,25,CUNDINAMARCA,815,TOCAIMA,05/30/2020
25817,25,CUNDINAMARCA,817,TOCANCIPÁ,03/14/2020
25839,25,CUNDINAMARCA,839,UBALÁ,06/18/2020
25841,25,CUNDINAMARCA,841,UBAQUE,05/20/2020
25843,25,CUNDINAMARCA,843,VILLA DE DE UBATÉ,03/28/2020
25845,25,CUNDINAMARCA,845,UNE,04/26/2020
25851,25,CUNDINAMARCA,851,ÚTICA,07/14/2020
25862,25,CUNDINAMARCA,862,VERGARA,07/25/2020
25867,25,CUNDINAMARCA,867,VIANÍ,05/29/2020
25873,25,CUNDINAMARCA,873,VILLAPINZÓN,03/15/2020
25875,25,CUNDINAMARCA,875,VILLETA,03/17/2020
25878,25,CUNDINAMARCA,878,VIOTÁ,05/22/2020
25885,25,CUNDINAMARCA,885,YACOPÍ,05/14/2020
25898,25,CUNDINAMARCA,898,ZIPACÓN,05/10/2020
25899,25,CUNDINAMARCA,899,ZIPAQUIRÁ,03/10/2020
94001,94,GUAINÍA,001,INÍRIDA,05/18/2020
94663,94,GUAINÍA,663,MAPIRIPANA,06/17/2020
94883,94,GUAINÍA,883,SAN FELIPE,06/12/2020
94884,94,GUAINÍA,884,PUERTO COLOMBIA,06/17/2020
95001,95,GUAVIARE,001,SAN JOSÉ DEL GUAVIARE,06/01/2020
95015,95,GUAVIARE,015,CALAMAR,07/27/2020
95025,95,GUAVIARE,025,EL RETORNO,08/08/2020
95200,95,GUAVIARE,200,MIRAFLORES,07/12/2020
41001,41,HUILA,001,NEIVA,03/06/2020
41006,41,HUILA,006,ACEVEDO,04/13/2020
41013,41,HUILA,013,AGRADO,03/26/2020
41016,41,HUILA,016,AIPE,04/13/2020
41020,41,HUILA,020,ALGECIRAS,04/23/2020
41026,41,HUILA,026,ALTAMIRA,07/08/2020
41078,41,HUILA,078,BARAYA,07/10/2020
41132,41,HUILA,132,CAMPOALEGRE,05/08/2020
41206,41,HUILA,206,COLOMBIA,07/14/2020
41244,41,HUILA,244,ELÍAS,07/22/2020
41298,41,HUILA,298,GARZÓN,03/19/2020
41306,41,HUILA,306,GIGANTE,03/30/2020
41319,41,HUILA,319,GUADALUPE,07/13/2020
41349,41,HUILA,349,HOBO,07/10/2020
41357,41,HUILA,357,ÍQUIRA,07/20/2020
41359,41,HUILA,359,ISNOS,04/11/2020
41378,41,HUILA,378,LA ARGENTINA,07/08/2020
41396,41,HUILA,396,LA PLATA,04/20/2020
41483,41,HUILA,483,NÁTAGA,03/30/2020
41503,41,HUILA,503,OPORAPA,04/18/2020
41518,41,HUILA,518,PAICOL,04/22/2020
41524,41,HUILA,524,PALERMO,03/18/2020
41530,41,HUILA,530,PALESTINA,05/14/2020
41548,41,HUILA,548,PITAL,07/01/2020
41551,41,HUILA,551,PITALITO,03/26/2020
41615,41,HUILA,615,RIVERA,03/05/2020
41660,41,HUILA,660,SALADOBLANCO,05/02/2020
41668,41,HUILA,668,SAN AGUSTÍN,03/14/2020
41676,41,HUILA,676,SANTA MARÍA,06/26/2020
41770,41,HUILA,770,SUAZA,07/08/2020
41791,41,HUILA,791,TARQUI,07/08/2020
41797,41,HUILA,797,TESALIA,08/07/2020
41799,41,HUILA,799,TELLO,05/31/2020
41801,41,HUILA,801,TERUEL,07/24/2020
41807,41,HUILA,807,TIMANÁ,04/04/2020
41872,41,HUILA,872,VILLAVIEJA,07/10/2020
41885,41,HUILA,885,YAGUARÁ,03/25/2020
44001,44,LA GUAJIRA,001,RIOHACHA,03/14/2020
44035,44,LA GUAJIRA,035,ALBANIA,04/23/2020
44078,44,LA GUAJIRA,078,BARRANCAS,05/14/2020
44090,44,LA GUAJIRA,090,DIBULLA,05/09/2020
44098,44,LA GUAJIRA,098,DISTRACCIÓN,04/01/2020
44110,44,LA GUAJIRA,110,EL MOLINO,06/29/2020
44279,44,LA GUAJIRA,279,FONSECA,04/28/2020
44378,44,LA GUAJIRA,378,HATONUEVO,05/19/2020
44420,44,LA GUAJIRA,420,LA JAGUA DEL PILAR,07/03/2020
44430,44,LA GUAJIRA,430,MAICAO,04/22/2020
44560,44,LA GUAJIRA,560,MANAURE,04/30/2020
44650,44,LA GUAJIRA,650,SAN JUAN DEL CESAR,04/10/2020
44847,44,LA GUAJIRA,847,URIBIA,05/23/2020
44855,44,LA GUAJIRA,855,URUMITA,06/30/2020
44874,44,LA GUAJIRA,874,VILLANUEVA,06/24/2020
47030,47,MAGDALENA,030,ALGARROBO,07/04/2020
47053,47,MAGDALENA,053,ARACATACA,05/08/2020
47058,47,MAGDALENA,058,ARIGUANÍ,05/25/2020
47161,47,MAGDALENA,161,CERRO DE SAN ANTONIO,05/15/2020
47170,47,MAGDALENA,170,CHIVOLO,06/28/2020
47189,47,MAGDALENA,189,CIÉNAGA,03/21/2020
47205,47,MAGDALENA,205,CONCORDIA,06/20/2020
47245,47,MAGDALENA,245,EL BANCO,04/08/2020
47258,47,MAGDALENA,258,EL PIÑÓN,05/14/2020
47268,47,MAGDALENA,268,EL RETÉN,05/05/2020
47288,47,MAGDALENA,288,FUNDACIÓN,04/30/2020
47318,47,MAGDALENA,318,GUAMAL,06/17/2020
47460,47,MAGDALENA,460,NUEVA GRANADA,06/25/2020
47541,47,MAGDALENA,541,PEDRAZA,06/23/2020
47545,47,MAGDALENA,545,PIJIÑO DEL CARMEN,06/16/2020
47551,47,MAGDALENA,551,PIVIJAY,05/06/2020
47555,47,MAGDALENA,555,PLATO,06/06/2020
47570,47,MAGDALENA,570,PUEBLOVIEJO,04/13/2020
47605,47,MAGDALENA,605,REMOLINO,06/08/2020
47660,47,MAGDALENA,660,SABANAS DE SAN ÁNGEL,07/24/2020
47675,47,MAGDALENA,675,SALAMINA,07/24/2020
47692,47,MAGDALENA,692,SAN SEBASTIÁN DE BUENAVISTA,05/03/2020
47703,47,MAGDALENA,703,SAN ZENÓN,07/03/2020
47707,47,MAGDALENA,707,SANTA ANA,06/08/2020
47720,47,MAGDALENA,720,SANTA BÁRBARA DE PINTO,06/26/2020
47745,47,MAGDALENA,745,SITIONUEVO,05/03/2020
47798,47,MAGDALENA,798,TENERIFE,07/23/2020
47960,47,MAGDALENA,960,ZAPAYÁN,07/21/2020
47980,47,MAGDALENA,980,ZONA BANANERA,03/26/2020
50001,50,META,001,VILLAVICENCIO,03/09/2020
50006,50,META,006,ACACÍAS,03/29/2020
50110,50,META,110,BARRANCA DE UPÍA,08/24/2020
50124,50,META,124,CABUYARO,05/13/2020
50150,50,META,150,CASTILLA LA NUEVA,06/26/2020
50223,50,META,223,SAN LUIS DE CUBARRAL,07/07/2020
50226,50,META,226,CUMARAL,05/19/2020
50251,50,META,251,EL CASTILLO,07/02/2020
50270,50,META,270,EL DORADO,08/25/2020
50287,50,META,287,FUENTE DE ORO,07/18/2020
50313,50,META,313,GRANADA,04/14/2020
50318,50,META,318,GUAMAL,07/28/2020
50325,50,META,325,MAPIRIPÁN,07/03/2020
50330,50,META,330,MESETAS,06/25/2020
50350,50,META,350,LA MACARENA,07/28/2020
50370,50,META,370,URIBE,08/16/2020
50400,50,META,400,LEJANÍAS,08/08/2020
50450,50,META,450,PUERTO CONCORDIA,08/09/2020
50568,50,META,568,PUERTO GAITÁN,05/07/2020
50573,50,META,573,PUERTO LÓPEZ,05/03/2020
50577,50,META,577,PUERTO LLERAS,08/22/2020
50590,50,META,590,PUERTO RICO,08/21/2020
50606,50,META,606,RESTREPO,04/25/2020
50680,50,META,680,SAN CARLOS DE GUAROA,05/06/2020
50683,50,META,683,SAN JUAN DE ARAMA,04/28/2020
50689,50,META,689,SAN MARTÍN,06/16/2020
50711,50,META,711,VISTAHERMOSA,08/12/2020
52001,52,NARIÑO,001,PASTO,03/15/2020
52019,52,NARIÑO,019,ALBÁN,06/09/2020
52022,52,NARIÑO,022,ALDANA,05/24/2020
52036,52,NARIÑO,036,ANCUYÁ,04/23/2020
52051,52,NARIÑO,051,ARBOLEDA,05/25/2020
52079,52,NARIÑO,079,BARBACOAS,05/20/2020
52083,52,NARIÑO,083,BELÉN,04/14/2020
52110,52,NARIÑO,110,BUESACO,07/08/2020
52203,52,NARIÑO,203,COLÓN,05/30/2020
52207,52,NARIÑO,207,CONSACÁ,06/21/2020
52210,52,NARIÑO,210,CONTADERO,03/21/2020
52215,52,NARIÑO,215,CÓRDOBA,05/20/2020
52224,52,NARIÑO,224,CUASPÚD,04/15/2020
52227,52,NARIÑO,227,CUMBAL,03/16/2020
52233,52,NARIÑO,233,CUMBITARA,03/19/2020
52240,52,NARIÑO,240,CHACHAGÜÍ,05/19/2020
52250,52,NARIÑO,250,EL CHARCO,05/14/2020
52254,52,NARIÑO,254,EL PEÑOL,06/02/2020
52256,52,NARIÑO,256,EL ROSARIO,08/21/2020
52260,52,NARIÑO,260,EL TAMBO,05/23/2020
52287,52,NARIÑO,287,FUNES,06/25/2020
52317,52,NARIÑO,317,GUACHUCAL,04/10/2020
52320,52,NARIÑO,320,GUAITARILLA,05/22/2020
52323,52,NARIÑO,323,GUALMATÁN,07/22/2020
52352,52,NARIÑO,352,ILES,07/21/2020
52354,52,NARIÑO,354,IMUÉS,05/23/2020
52356,52,NARIÑO,356,IPIALES,03/19/2020
52378,52,NARIÑO,378,LA CRUZ,05/06/2020
52381,52,NARIÑO,381,LA FLORIDA,04/24/2020
52385,52,NARIÑO,385,LA LLANADA,05/07/2020
52390,52,NARIÑO,390,LA TOLA,04/23/2020
52399,52,NARIÑO,399,LA UNIÓN,03/15/2020
52405,52,NARIÑO,405,LEIVA,06/30/2020
52411,52,NARIÑO,411,LINARES,04/27/2020
52418,52,NARIÑO,418,LOS ANDES,06/25/2020
52427,52,NARIÑO,427,MAGÜÍ,04/24/2020
52435,52,NARIÑO,435,MALLAMA,05/10/2020
52473,52,NARIÑO,473,MOSQUERA,04/15/2020
52480,52,NARIÑO,480,NARIÑO,05/23/2020
52490,52,NARIÑO,490,OLAYA HERRERA,05/15/2020
52506,52,NARIÑO,506,OSPINA,08/15/2020
52520,52,NARIÑO,520,FRANCISCO PIZARRO,05/08/2020
52540,52,NARIÑO,540,POLICARPA,08/10/2020
52560,52,NARIÑO,560,POTOSÍ,04/18/2020
52565,52,NARIÑO,565,PROVIDENCIA,08/24/2020
52573,52,NARIÑO,573,PUERRES,05/18/2020
52585,52,NARIÑO,585,PUPIALES,05/22/2020
52612,52,NARIÑO,612,RICAURTE,05/25/2020
52621,52,NARIÑO,621,ROBERTO PAYÁN,05/22/2020
52678,52,NARIÑO,678,SAMANIEGO,06/02/2020
52683,52,NARIÑO,683,SANDONÁ,05/27/2020
52685,52,NARIÑO,685,SAN BERNARDO,05/13/2020
52687,52,NARIÑO,687,SAN LORENZO,05/26/2020
52693,52,NARIÑO,693,SAN PABLO,05/10/2020
52694,52,NARIÑO,694,SAN PEDRO DE CARTAGO,07/03/2020
52696,52,NARIÑO,696,SANTA BÁRBARA,05/05/2020
52699,52,NARIÑO,699,SANTACRUZ,07/14/2020
52720,52,NARIÑO,720,SAPUYES,07/27/2020
52786,52,NARIÑO,786,TAMINANGO,05/29/2020
52788,52,NARIÑO,788,TANGUA,07/16/2020
52835,52,NARIÑO,835,SAN ANDRÉS DE TUMACO,03/20/2020
52838,52,NARIÑO,838,TÚQUERRES,04/12/2020
52885,52,NARIÑO,885,YACUANQUER,05/22/2020
54001,54,NORTE DE SANTANDER,001,CÚCUTA,03/11/2020
54003,54,NORTE DE SANTANDER,003,ÁBREGO,04/23/2020
54051,54,NORTE DE SANTANDER,051,ARBOLEDAS,07/04/2020
54099,54,NORTE DE SANTANDER,099,BOCHALEMA,06/18/2020
54109,54,NORTE DE SANTANDER,109,BUCARASICA,07/23/2020
54125,54,NORTE DE SANTANDER,125,CÁCOTA,04/22/2020
54128,54,NORTE DE SANTANDER,128,CÁCHIRA,08/16/2020
54172,54,NORTE DE SANTANDER,172,CHINÁCOTA,07/03/2020
54174,54,NORTE DE SANTANDER,174,CHITAGÁ,06/17/2020
54206,54,NORTE DE SANTANDER,206,CONVENCIÓN,05/18/2020
54223,54,NORTE DE SANTANDER,223,CUCUTILLA,07/23/2020
54239,54,NORTE DE SANTANDER,239,DURANIA,06/28/2020
54245,54,NORTE DE SANTANDER,245,EL CARMEN,07/11/2020
54250,54,NORTE DE SANTANDER,250,EL TARRA,07/07/2020
54261,54,NORTE DE SANTANDER,261,EL ZULIA,05/05/2020
54313,54,NORTE DE SANTANDER,313,GRAMALOTE,07/04/2020
54344,54,NORTE DE SANTANDER,344,HACARÍ,07/28/2020
54347,54,NORTE DE SANTANDER,347,HERRÁN,08/08/2020
54377,54,NORTE DE SANTANDER,377,LABATECA,06/08/2020
54385,54,NORTE DE SANTANDER,385,LA ESPERANZA,06/29/2020
54398,54,NORTE DE SANTANDER,398,LA PLAYA,05/18/2020
54405,54,NORTE DE SANTANDER,405,LOS PATIOS,03/15/2020
54418,54,NORTE DE SANTANDER,418,LOURDES,07/21/2020
54480,54,NORTE DE SANTANDER,480,MUTISCUA,06/08/2020
54498,54,NORTE DE SANTANDER,498,OCAÑA,03/24/2020
54518,54,NORTE DE SANTANDER,518,PAMPLONA,04/13/2020
54520,54,NORTE DE SANTANDER,520,PAMPLONITA,06/13/2020
54553,54,NORTE DE SANTANDER,553,PUERTO SANTANDER,03/22/2020
54599,54,NORTE DE SANTANDER,599,RAGONVALIA,06/24/2020
54660,54,NORTE DE SANTANDER,660,SALAZAR,08/08/2020
54670,54,NORTE DE SANTANDER,670,SAN CALIXTO,07/10/2020
54673,54,NORTE DE SANTANDER,673,SAN CAYETANO,07/09/2020
54680,54,NORTE DE SANTANDER,680,SANTIAGO,06/15/2020
54720,54,NORTE DE SANTANDER,720,SARDINATA,06/11/2020
54743,54,NORTE DE SANTANDER,743,SILOS,06/08/2020
54800,54,NORTE DE SANTANDER,800,TEORAMA,06/29/2020
54810,54,NORTE DE SANTANDER,810,TIBÚ,04/22/2020
54820,54,NORTE DE SANTANDER,820,TOLEDO,04/22/2020
54871,54,NORTE DE SANTANDER,871,VILLA CARO,07/21/2020
54874,54,NORTE DE SANTANDER,874,VILLA DEL ROSARIO,03/14/2020
86001,86,PUTUMAYO,001,MOCOA,05/18/2020
86219,86,PUTUMAYO,219,COLÓN,05/12/2020
86320,86,PUTUMAYO,320,ORITO,05/14/2020
86568,86,PUTUMAYO,568,PUERTO ASÍS,05/03/2020
86569,86,PUTUMAYO,569,PUERTO CAICEDO,07/02/2020
86571,86,PUTUMAYO,571,PUERTO GUZMÁN,04/15/2020
86573,86,PUTUMAYO,573,PUERTO LEGUÍZAMO,04/29/2020
86749,86,PUTUMAYO,749,SIBUNDOY,07/06/2020
86757,86,PUTUMAYO,757,SAN MIGUEL,05/13/2020
86760,86,PUTUMAYO,760,SANTIAGO,06/25/2020
86865,86,PUTUMAYO,865,VALLE DEL GUAMUEZ,05/20/2020
86885,86,PUTUMAYO,885,VILLAGARZÓN,06/27/2020
63001,63,QUINDÍO,001,ARMENIA,03/08/2020
63111,63,QUINDÍO,111,BUENAVISTA,07/25/2020
63130,63,QUINDÍO,130,CALARCÁ,03/17/2020
63190,63,QUINDÍO,190,CIRCASIA,03/18/2020
63212,63,QUINDÍO,212,CÓRDOBA,04/29/2020
63272,63,QUINDÍO,272,FILANDIA,03/16/2020
63302,63,QUINDÍO,302,GÉNOVA,07/10/2020
63401,63,QUINDÍO,401,LA TEBAIDA,04/02/2020
63470,63,QUINDÍO,470,MONTENEGRO,03/13/2020
63548,63,QUINDÍO,548,PIJAO,08/05/2020
63594,63,QUINDÍO,594,QUIMBAYA,05/07/2020
63690,63,QUINDÍO,690,SALENTO,07/09/2020
66001,66,RISARALDA,001,PEREIRA,03/04/2020
66045,66,RISARALDA,045,APÍA,07/16/2020
66075,66,RISARALDA,075,BALBOA,06/24/2020
66088,66,RISARALDA,088,BELÉN DE UMBRÍA,05/20/2020
66170,66,RISARALDA,170,DOSQUEBRADAS,03/10/2020
66318,66,RISARALDA,318,GUÁTICA,08/06/2020
66383,66,RISARALDA,383,LA CELIA,06/08/2020
66400,66,RISARALDA,400,LA VIRGINIA,04/12/2020
66440,66,RISARALDA,440,MARSELLA,06/26/2020
66456,66,RISARALDA,456,MISTRATÓ,08/04/2020
66572,66,RISARALDA,572,PUEBLO RICO,06/06/2020
66594,66,RISARALDA,594,QUINCHÍA,07/17/2020
66682,66,RISARALDA,682,SANTA ROSA DE CABAL,03/21/2020
66687,66,RISARALDA,687,SANTUARIO,06/18/2020
47001,47,SANTA MARTA D.T. Y C.,001,SANTA MARTA,02/29/2020
68001,68,SANTANDER,001,BUCARAMANGA,03/12/2020
68013,68,SANTANDER,013,AGUADA,07/05/2020
68020,68,SANTANDER,020,ALBANIA,09/10/2020
68051,68,SANTANDER,051,ARATOCA,07/17/2020
68077,68,SANTANDER,077,BARBOSA,05/23/2020
68079,68,SANTANDER,079,BARICHARA,06/14/2020
68081,68,SANTANDER,081,BARRANCABERMEJA,03/22/2020
68092,68,SANTANDER,092,BETULIA,07/27/2020
68101,68,SANTANDER,101,BOLÍVAR,07/22/2020
68132,68,SANTANDER,132,CALIFORNIA,07/15/2020
68147,68,SANTANDER,147,CAPITANEJO,07/30/2020
68152,68,SANTANDER,152,CARCASÍ,07/21/2020
68160,68,SANTANDER,160,CEPITÁ,07/02/2020
68162,68,SANTANDER,162,CERRITO,08/11/2020
68167,68,SANTANDER,167,CHARALÁ,07/21/2020
68176,68,SANTANDER,176,CHIMA,07/26/2020
68179,68,SANTANDER,179,CHIPATÁ,07/27/2020
68190,68,SANTANDER,190,CIMITARRA,03/26/2020
68207,68,SANTANDER,207,CONCEPCIÓN,03/28/2020
68209,68,SANTANDER,209,CONFINES,07/11/2020
68211,68,SANTANDER,211,CONTRATACIÓN,08/06/2020
68217,68,SANTANDER,217,COROMORO,07/22/2020
68229,68,SANTANDER,229,CURITÍ,03/22/2020
68235,68,SANTANDER,235,EL CARMEN DE CHUCURÍ,07/12/2020
68245,68,SANTANDER,245,EL GUACAMAYO,07/30/2020
68250,68,SANTANDER,250,EL PEÑÓN,06/26/2020
68255,68,SANTANDER,255,EL PLAYÓN,07/10/2020
68264,68,SANTANDER,264,ENCINO,08/14/2020
68266,68,SANTANDER,266,ENCISO,08/30/2020
68271,68,SANTANDER,271,FLORIÁN,08/08/2020
68276,68,SANTANDER,276,FLORIDABLANCA,03/12/2020
68296,68,SANTANDER,296,GALÁN,06/29/2020
68298,68,SANTANDER,298,GÁMBITA,08/26/2020
68307,68,SANTANDER,307,GIRÓN,04/25/2020
68318,68,SANTANDER,318,GUACA,07/31/2020
68322,68,SANTANDER,322,GUAPOTÁ,03/27/2020
68324,68,SANTANDER,324,GUAVATÁ,07/14/2020
68327,68,SANTANDER,327,GÜEPSA,09/10/2020
68344,68,SANTANDER,344,HATO,07/06/2020
68377,68,SANTANDER,377,LA BELLEZA,06/01/2020
68385,68,SANTANDER,385,LANDÁZURI,07/08/2020
68397,68,SANTANDER,397,LA PAZ,05/28/2020
68406,68,SANTANDER,406,LEBRIJA,05/15/2020
68418,68,SANTANDER,418,LOS SANTOS,07/01/2020
68425,68,SANTANDER,425,MACARAVITA,08/29/2020
68432,68,SANTANDER,432,MÁLAGA,06/09/2020
68444,68,SANTANDER,444,MATANZA,07/06/2020
68464,68,SANTANDER,464,MOGOTES,07/02/2020
68468,68,SANTANDER,468,MOLAGAVITA,07/29/2020
68500,68,SANTANDER,500,OIBA,06/29/2020
68502,68,SANTANDER,502,ONZAGA,06/26/2020
68533,68,SANTANDER,533,PÁRAMO,07/13/2020
68547,68,SANTANDER,547,PIEDECUESTA,03/31/2020
68549,68,SANTANDER,549,PINCHOTE,07/10/2020
68572,68,SANTANDER,572,PUENTE NACIONAL,09/15/2020
68573,68,SANTANDER,573,PUERTO PARRA,06/20/2020
68575,68,SANTANDER,575,PUERTO WILCHES,06/12/2020
68615,68,SANTANDER,615,RIONEGRO,06/20/2020
68655,68,SANTANDER,655,SABANA DE TORRES,06/08/2020
68669,68,SANTANDER,669,SAN ANDRÉS,07/20/2020
68673,68,SANTANDER,673,SAN BENITO,07/15/2020
68679,68,SANTANDER,679,SAN GIL,06/12/2020
68682,68,SANTANDER,682,SAN JOAQUÍN,06/29/2020
68684,68,SANTANDER,684,SAN JOSÉ DE MIRANDA,07/12/2020
68689,68,SANTANDER,689,SAN VICENTE DE CHUCURÍ,06/03/2020
68705,68,SANTANDER,705,SANTA BÁRBARA,08/06/2020
68720,68,SANTANDER,720,SANTA HELENA DEL OPÓN,07/03/2020
68755,68,SANTANDER,755,SOCORRO,05/12/2020
68770,68,SANTANDER,770,SUAITA,06/08/2020
68773,68,SANTANDER,773,SUCRE,07/20/2020
68820,68,SANTANDER,820,TONA,07/19/2020
68855,68,SANTANDER,855,VALLE DE SAN JOSÉ,07/05/2020
68861,68,SANTANDER,861,VÉLEZ,07/05/2020
68867,68,SANTANDER,867,VETAS,07/30/2020
68872,68,SANTANDER,872,VILLANUEVA,05/05/2020
68895,68,SANTANDER,895,ZAPATOCA,07/07/2020
70001,70,SUCRE,001,SINCELEJO,03/20/2020
70110,70,SUCRE,110,BUENAVISTA,05/19/2020
70124,70,SUCRE,124,CAIMITO,06/04/2020
70204,70,SUCRE,204,COLOSO,06/04/2020
70215,70,SUCRE,215,COROZAL,05/18/2020
70221,70,SUCRE,221,COVEÑAS,06/12/2020
70230,70,SUCRE,230,CHALÁN,06/10/2020
70233,70,SUCRE,233,EL ROBLE,06/08/2020
70235,70,SUCRE,235,GALERAS,06/08/2020
70265,70,SUCRE,265,GUARANDA,06/06/2020
70400,70,SUCRE,400,LA UNIÓN,06/03/2020
70418,70,SUCRE,418,LOS PALMITOS,05/07/2020
70429,70,SUCRE,429,MAJAGUAL,06/05/2020
70473,70,SUCRE,473,MORROA,05/10/2020
70508,70,SUCRE,508,OVEJAS,06/13/2020
70523,70,SUCRE,523,PALMITO,06/03/2020
70670,70,SUCRE,670,SAMPUÉS,05/26/2020
70678,70,SUCRE,678,SAN BENITO ABAD,06/15/2020
70702,70,SUCRE,702,SAN JUAN DE BETULIA,05/28/2020
70708,70,SUCRE,708,SAN MARCOS,05/25/2020
70713,70,SUCRE,713,SAN ONOFRE,05/16/2020
70717,70,SUCRE,717,SAN PEDRO,05/29/2020
70742,70,SUCRE,742,SAN LUIS DE SINCÉ,05/08/2020
70771,70,SUCRE,771,SUCRE,05/27/2020
70820,70,SUCRE,820,SANTIAGO DE TOLÚ,06/02/2020
70823,70,SUCRE,823,TOLÚ VIEJO,06/04/2020
73001,73,TOLIMA,001,IBAGUÉ,03/10/2020
73024,73,TOLIMA,024,ALPUJARRA,07/04/2020
73026,73,TOLIMA,026,ALVARADO,07/27/2020
73030,73,TOLIMA,030,AMBALEMA,07/18/2020
73043,73,TOLIMA,043,ANZOÁTEGUI,06/30/2020
73055,73,TOLIMA,055,ARMERO,07/23/2020
73067,73,TOLIMA,067,ATACO,08/18/2020
73124,73,TOLIMA,124,CAJAMARCA,07/20/2020
73148,73,TOLIMA,148,CARMEN DE APICALÁ,07/21/2020
73152,73,TOLIMA,152,CASABIANCA,07/02/2020
73168,73,TOLIMA,168,CHAPARRAL,06/05/2020
73200,73,TOLIMA,200,COELLO,08/01/2020
73217,73,TOLIMA,217,COYAIMA,06/06/2020
73226,73,TOLIMA,226,CUNDAY,07/25/2020
73236,73,TOLIMA,236,DOLORES,07/06/2020
73268,73,TOLIMA,268,ESPINAL,03/27/2020
73275,73,TOLIMA,275,FLANDES,05/07/2020
73283,73,TOLIMA,283,FRESNO,06/07/2020
73319,73,TOLIMA,319,GUAMO,04/14/2020
73347,73,TOLIMA,347,HERVEO,07/01/2020
73349,73,TOLIMA,349,HONDA,05/08/2020
73352,73,TOLIMA,352,ICONONZO,07/08/2020
73408,73,TOLIMA,408,LÉRIDA,06/19/2020
73411,73,TOLIMA,411,LÍBANO,05/11/2020
73443,73,TOLIMA,443,SAN SEBASTIÁN DE MARIQUITA,05/16/2020
73449,73,TOLIMA,449,MELGAR,03/03/2020
73483,73,TOLIMA,483,NATAGAIMA,06/08/2020
73504,73,TOLIMA,504,ORTEGA,07/08/2020
73520,73,TOLIMA,520,PALOCABILDO,07/25/2020
73547,73,TOLIMA,547,PIEDRAS,05/07/2020
73555,73,TOLIMA,555,PLANADAS,04/23/2020
73563,73,TOLIMA,563,PRADO,07/22/2020
73585,73,TOLIMA,585,PURIFICACIÓN,07/16/2020
73616,73,TOLIMA,616,RIOBLANCO,07/03/2020
73624,73,TOLIMA,624,ROVIRA,04/30/2020
73671,73,TOLIMA,671,SALDAÑA,07/04/2020
73675,73,TOLIMA,675,SAN ANTONIO,06/10/2020
73678,73,TOLIMA,678,SAN LUIS,05/03/2020
73770,73,TOLIMA,770,SUÁREZ,07/24/2020
73854,73,TOLIMA,854,VALLE DE SAN JUAN,07/18/2020
73861,73,TOLIMA,861,VENADILLO,07/19/2020
73870,73,TOLIMA,870,VILLAHERMOSA,08/15/2020
73873,73,TOLIMA,873,VILLARRICA,06/10/2020
76001,76,VALLE DEL CAUCA,001,CALI,03/02/2020
76020,76,VALLE DEL CAUCA,020,ALCALÁ,04/22/2020
76036,76,VALLE DEL CAUCA,036,ANDALUCÍA,03/28/2020
76041,76,VALLE DEL CAUCA,041,ANSERMANUEVO,06/02/2020
76054,76,VALLE DEL CAUCA,054,ARGELIA,05/07/2020
76100,76,VALLE DEL CAUCA,100,BOLÍVAR,07/16/2020
76111,76,VALLE DEL CAUCA,111,GUADALAJARA DE BUGA,03/01/2020
76113,76,VALLE DEL CAUCA,113,BUGALAGRANDE,04/01/2020
76122,76,VALLE DEL CAUCA,122,CAICEDONIA,06/10/2020
76126,76,VALLE DEL CAUCA,126,CALIMA,03/15/2020
76130,76,VALLE DEL CAUCA,130,CANDELARIA,03/23/2020
76147,76,VALLE DEL CAUCA,147,CARTAGO,03/07/2020
76233,76,VALLE DEL CAUCA,233,DAGUA,04/02/2020
76243,76,VALLE DEL CAUCA,243,EL ÁGUILA,06/17/2020
76246,76,VALLE DEL CAUCA,246,EL CAIRO,05/25/2020
76248,76,VALLE DEL CAUCA,248,EL CERRITO,03/25/2020
76250,76,VALLE DEL CAUCA,250,EL DOVIO,03/12/2020
76275,76,VALLE DEL CAUCA,275,FLORIDA,03/30/2020
76306,76,VALLE DEL CAUCA,306,GINEBRA,03/26/2020
76318,76,VALLE DEL CAUCA,318,GUACARÍ,03/26/2020
76364,76,VALLE DEL CAUCA,364,JAMUNDÍ,03/22/2020
76377,76,VALLE DEL CAUCA,377,LA CUMBRE,04/06/2020
76400,76,VALLE DEL CAUCA,400,LA UNIÓN,03/12/2020
76403,76,VALLE DEL CAUCA,403,LA VICTORIA,07/06/2020
76497,76,VALLE DEL CAUCA,497,OBANDO,05/21/2020
76520,76,VALLE DEL CAUCA,520,PALMIRA,03/07/2020
76563,76,VALLE DEL CAUCA,563,PRADERA,05/01/2020
76606,76,VALLE DEL CAUCA,606,RESTREPO,04/27/2020
76616,76,VALLE DEL CAUCA,616,RIOFRÍO,07/28/2020
76622,76,VALLE DEL CAUCA,622,ROLDANILLO,04/27/2020
76670,76,VALLE DEL CAUCA,670,SAN PEDRO,03/10/2020
76736,76,VALLE DEL CAUCA,736,SEVILLA,05/29/2020
76823,76,VALLE DEL CAUCA,823,TORO,07/12/2020
76828,76,VALLE DEL CAUCA,828,TRUJILLO,03/16/2020
76834,76,VALLE DEL CAUCA,834,TULUÁ,03/09/2020
76845,76,VALLE DEL CAUCA,845,ULLOA,03/20/2020
76863,76,VALLE DEL CAUCA,863,VERSALLES,06/28/2020
76869,76,VALLE DEL CAUCA,869,VIJES,04/13/2020
76890,76,VALLE DEL CAUCA,890,YOTOCO,04/02/2020
76892,76,VALLE DEL CAUCA,892,YUMBO,03/08/2020
76895,76,VALLE DEL CAUCA,895,ZARZAL,06/10/2020
97001,97,VAUPÉS,001,MITÚ,05/07/2020
97161,97,VAUPÉS,161,CARURÚ,08/27/2020
97666,97,VAUPÉS,666,TARAIRA,06/12/2020
97889,97,VAUPÉS,889,YAVARATÉ,05/26/2020
99001,99,VICHADA,001,PUERTO CARREÑO,05/29/2020
99524,99,VICHADA,524,LA PRIMAVERA,07/15/2020
99773,99,VICHADA,773,CUMARIBO,07/31/2020
